"timestamp","dia","hora","pH","temperatura_C","fase","acidez_relativa","temp_optima","pH_optimo"
2025-10-10 16:38:10,0,0,4.32620304223971,24.5907887643753,"Lag (adaptación)",0.102233504564878,TRUE,TRUE
2025-10-10 17:38:21,0.0417910447761194,1.00298507462687,4.35011446799941,25.7278645181809,"Lag (adaptación)",0.0881679600003474,TRUE,TRUE
2025-10-10 18:38:32,0.0835820895522388,2.00597014925373,4.49066813327585,26.7825441110608,"Lag (adaptación)",0.0054893333671464,TRUE,TRUE
2025-10-10 19:38:42,0.125373134328358,3.0089552238806,4.36900953400195,27.1238417313918,"Lag (adaptación)",0.0770532152929683,TRUE,TRUE
2025-10-10 20:38:53,0.167164179104478,4.01194029850746,4.37106323282413,27.8274850710735,"Lag (adaptación)",0.0758451571622759,TRUE,TRUE
2025-10-10 21:39:04,0.208955223880597,5.01492537313433,4.49523008201463,28.2353116775543,"Lag (adaptación)",0.00280583410903907,FALSE,TRUE
2025-10-10 22:39:15,0.250746268656716,6.01791044776119,4.3921555252925,28.5574321136578,"Lag (adaptación)",0.0634379262985268,FALSE,TRUE
2025-10-10 23:39:25,0.292537313432836,7.02089552238806,4.25128670977601,27.9757483952881,"Lag (adaptación)",0.146301935425878,TRUE,TRUE
2025-10-11 00:39:36,0.334328358208955,8.02388059701492,4.29470415002315,27.6477949521106,"Lag (adaptación)",0.120762264692266,TRUE,TRUE
2025-10-11 01:39:47,0.376119402985075,9.02686567164179,4.31111093497278,26.6643774054436,"Lag (adaptación)",0.111111214721892,TRUE,TRUE
2025-10-11 02:39:58,0.417910447761194,10.0298507462687,4.44175204973689,26.6026789834659,"Lag (adaptación)",0.0342635001547694,TRUE,TRUE
2025-10-11 03:40:08,0.459701492537313,11.0328358208955,4.36962167825824,25.6823898010793,"Lag (adaptación)",0.0766931304363319,TRUE,TRUE
2025-10-11 04:40:19,0.501492537313433,12.0358208955224,4.3698581609476,24.7912508412944,"Lag (adaptación)",0.0765540229719985,TRUE,TRUE
2025-10-11 05:40:30,0.543283582089552,13.0388059701493,4.34355909591208,24.2608801237225,"Lag (adaptación)",0.0920240612281877,TRUE,TRUE
2025-10-11 06:40:41,0.585074626865672,14.0417910447761,4.28709273760891,23.9059349951045,"Lag (adaptación)",0.125239566112406,TRUE,TRUE
2025-10-11 07:40:51,0.626865671641791,15.044776119403,4.47131550141388,22.3949545455268,"Lag (adaptación)",0.0168732344624215,TRUE,TRUE
2025-10-11 08:41:02,0.66865671641791,16.0477611940298,4.36493914110095,22.4029920661397,"Lag (adaptación)",0.0794475640582667,TRUE,TRUE
2025-10-11 09:41:13,0.71044776119403,17.0507462686567,4.16447597304025,22.2838907525546,"Lag (adaptación)",0.197367074682206,TRUE,TRUE
2025-10-11 10:41:24,0.752238805970149,18.0537313432836,4.37455301339782,21.8979481799096,"Lag (adaptación)",0.0737923450601031,FALSE,TRUE
2025-10-11 11:41:34,0.794029850746269,19.0567164179104,4.27720474298063,22.3886740120998,"Lag (adaptación)",0.131056033540804,TRUE,TRUE
2025-10-11 12:41:45,0.835820895522388,20.0597014925373,4.2261293612405,22.7323038876434,"Lag (adaptación)",0.16110037574088,TRUE,TRUE
2025-10-11 13:41:56,0.877611940298507,21.0626865671642,4.2905875276577,23.0957496301353,"Lag (adaptación)",0.123183807260175,TRUE,TRUE
2025-10-11 14:42:06,0.919402985074627,22.065671641791,4.22235786680873,23.0056268798286,"Lag (adaptación)",0.163318901877219,TRUE,TRUE
2025-10-11 15:42:17,0.961194029850746,23.0686567164179,4.24248144772822,25.256252102866,"Lag (adaptación)",0.15148150133634,TRUE,TRUE
2025-10-11 16:42:28,1.00298507462687,0.071641791044776,4.24708533805287,25.2122194429336,"Lag (adaptación)",0.148773330557137,TRUE,TRUE
2025-10-11 17:42:39,1.04477611940298,1.07462686567164,4.15838935269654,26.2542281456388,"Lag (adaptación)",0.200947439590273,TRUE,TRUE
2025-10-11 18:42:49,1.0865671641791,2.07761194029851,4.35652412529158,26.8688820134995,"Lag (adaptación)",0.0843975733578915,TRUE,TRUE
2025-10-11 19:43:00,1.12835820895522,3.08059701492537,4.29788677024809,27.7155258901274,"Lag (adaptación)",0.118890135148182,TRUE,TRUE
2025-10-11 20:43:11,1.17014925373134,4.08358208955224,4.19062055666285,28.126248552689,"Lag (adaptación)",0.181987907845383,FALSE,TRUE
2025-10-11 21:43:22,1.21194029850746,5.0865671641791,4.37796955324042,28.1104369693495,"Lag (adaptación)",0.0717826157409305,FALSE,TRUE
2025-10-11 22:43:32,1.25373134328358,6.08955223880597,4.30771203700227,28.3793505238038,"Lag (adaptación)",0.113110566469252,FALSE,TRUE
2025-10-11 23:43:43,1.2955223880597,7.09253731343283,4.24585685675197,27.8691051073754,"Lag (adaptación)",0.149495966616488,TRUE,TRUE
2025-10-12 00:43:54,1.33731343283582,8.0955223880597,4.33687689591808,28.099230633203,"Lag (adaptación)",0.0959547671070126,FALSE,TRUE
2025-10-12 01:44:05,1.37910447761194,9.09850746268656,4.33125784763458,27.217688700832,"Lag (adaptación)",0.099260089626717,TRUE,TRUE
2025-10-12 02:44:15,1.42089552238806,10.1014925373134,4.32240951708887,27.4531510796146,"Lag (adaptación)",0.104464989947722,TRUE,TRUE
2025-10-12 03:44:26,1.46268656716418,11.1044776119403,4.30738514017806,25.5067565321234,"Lag (adaptación)",0.11330285871879,TRUE,TRUE
2025-10-12 04:44:37,1.5044776119403,12.1074626865672,4.29215275321301,25.0889437986583,"Lag (adaptación)",0.122263086345288,TRUE,TRUE
2025-10-12 05:44:48,1.54626865671642,13.110447761194,4.23836587548872,24.7074979805009,"Lag (adaptación)",0.153902426183108,TRUE,TRUE
2025-10-12 06:44:58,1.58805970149254,14.1134328358209,4.21425485436102,23.903505193255,"Lag (adaptación)",0.168085379787635,TRUE,TRUE
2025-10-12 07:45:09,1.62985074626866,15.1164179104478,4.2036403752326,22.9721607834495,"Lag (adaptación)",0.174329191039646,TRUE,TRUE
2025-10-12 08:45:20,1.67164179104478,16.1194029850746,4.17378038296396,22.3981809406309,"Lag (adaptación)",0.191893892374139,TRUE,TRUE
2025-10-12 09:45:31,1.7134328358209,17.1223880597015,4.20793472564068,22.4698820520172,"Lag (adaptación)",0.171803102564305,TRUE,TRUE
2025-10-12 10:45:41,1.75522388059701,18.1253731343284,4.11847944746006,22.3517049307924,"Lag (adaptación)",0.224423854435257,TRUE,TRUE
2025-10-12 11:45:52,1.79701492537313,19.1283582089552,4.38830218078859,21.9537955658937,"Lag (adaptación)",0.0657045995361236,FALSE,TRUE
2025-10-12 12:46:03,1.83880597014925,20.1313432835821,4.30642835035948,22.8327532433476,"Lag (adaptación)",0.113865676259128,TRUE,TRUE
2025-10-12 13:46:14,1.88059701492537,21.134328358209,4.11487918872603,23.3853024448565,"Lag (adaptación)",0.22654165369057,TRUE,TRUE
2025-10-12 14:46:24,1.92238805970149,22.1373134328358,4.16736405151156,24.026586124636,"Lag (adaptación)",0.1956682049932,TRUE,TRUE
2025-10-12 15:46:35,1.96417910447761,23.1402985074627,4.15705955310215,24.3998267837994,"Lag (adaptación)",0.201729674645794,TRUE,TRUE
2025-10-12 16:46:46,2.00597014925373,0.143283582089552,4.25151623879251,25.6470978812744,"Lag (adaptación)",0.146166918357348,TRUE,TRUE
2025-10-12 17:46:57,2.04776119402985,1.14626865671642,4.17710620514143,26.6979043026478,"Lag (adaptación)",0.189937526387395,TRUE,TRUE
2025-10-12 18:47:07,2.08955223880597,2.14925373134328,4.19862733859742,27.1403447511258,"Lag (adaptación)",0.177278036119167,TRUE,TRUE
2025-10-12 19:47:18,2.13134328358209,3.15223880597014,4.17059346781306,27.2720866595171,"Lag (adaptación)",0.193768548345257,TRUE,TRUE
2025-10-12 20:47:29,2.17313432835821,4.15522388059701,4.16389197000865,27.9401123379952,"Lag (adaptación)",0.197710605877267,TRUE,TRUE
2025-10-12 21:47:40,2.21492537313433,5.15820895522388,4.27118308588556,28.4503965321648,"Lag (adaptación)",0.134598184773198,FALSE,TRUE
2025-10-12 22:47:50,2.25671641791045,6.16119402985074,4.13793529733051,28.2273774167863,"Lag (adaptación)",0.212979236864405,FALSE,TRUE
2025-10-12 23:48:01,2.29850746268657,7.1641791044776,4.2715453806138,27.6434963598773,"Lag (adaptación)",0.134385070227178,TRUE,TRUE
2025-10-13 00:48:12,2.34029850746269,8.16716417910447,4.02048688283827,28.2290316903679,"Lag (adaptación)",0.282066539506899,FALSE,TRUE
2025-10-13 01:48:23,2.38208955223881,9.17014925373134,4.18524416663975,27.2142889223162,"Lag (adaptación)",0.185150490211914,TRUE,TRUE
2025-10-13 02:48:33,2.42388059701493,10.1731343283582,4.14239994669377,26.651481829209,"Lag (adaptación)",0.210352972533076,TRUE,TRUE
2025-10-13 03:48:44,2.46567164179104,11.1761194029851,4.14371208214857,26.5403276459542,"Lag (adaptación)",0.209581128147902,TRUE,TRUE
2025-10-13 04:48:55,2.50746268656716,12.1791044776119,4.15068173380805,25.0783482313279,"Lag (adaptación)",0.205481333054089,TRUE,TRUE
2025-10-13 05:49:06,2.54925373134328,13.1820895522388,4.07392727961495,24.7952264663712,"Lag (adaptación)",0.250631011991205,TRUE,TRUE
2025-10-13 06:49:16,2.5910447761194,14.1850746268657,4.08118803468656,23.456692051229,"Lag (adaptación)",0.24635997959614,TRUE,TRUE
2025-10-13 07:49:27,2.63283582089552,15.1880597014925,4.02001911411512,23.133098518661,"Lag (adaptación)",0.282341697579341,TRUE,TRUE
2025-10-13 08:49:38,2.67462686567164,16.1910447761194,4.00935161191437,22.7742005676339,"Lag (adaptación)",0.2886166988739,TRUE,TRUE
2025-10-13 09:49:49,2.71641791044776,17.1940298507463,4.11289644415005,22.1853394814941,"Lag (adaptación)",0.227707974029383,TRUE,TRUE
2025-10-13 10:49:59,2.75820895522388,18.1970149253731,4.11791992337264,22.2861119940309,"Lag (adaptación)",0.224752986251387,TRUE,TRUE
2025-10-13 11:50:10,2.8,19.2,4.07968251765014,22.6137062433836,"Lag (adaptación)",0.247245577852858,TRUE,TRUE
2025-10-13 12:50:21,2.84179104477612,20.2029850746269,4.14253300770794,23.1648171231436,"Lag (adaptación)",0.210274701348269,TRUE,TRUE
2025-10-13 13:50:32,2.88358208955224,21.2059701492537,4.22599858832101,22.9819194632839,"Lag (adaptación)",0.161177300987639,TRUE,TRUE
2025-10-13 14:50:42,2.92537313432836,22.2089552238806,4.01588071433877,24.0228376728119,"Lag (adaptación)",0.284776050388961,TRUE,TRUE
2025-10-13 15:50:53,2.96716417910448,23.2119402985075,3.86353274012407,25.098134325835,"Lag (adaptación)",0.374392505809371,TRUE,TRUE
2025-10-13 16:51:04,3.0089552238806,0.214925373134321,4.12176051986561,25.4949773721493,"Exponencial (activa)",0.22249381184376,TRUE,TRUE
2025-10-13 17:51:15,3.05074626865672,1.21791044776118,3.97753324633492,26.4984779353366,"Exponencial (activa)",0.307333384508868,TRUE,TRUE
2025-10-13 18:51:25,3.09253731343284,2.22089552238805,3.97212974576835,27.286987857954,"Exponencial (activa)",0.310511914253915,TRUE,TRUE
2025-10-13 19:51:36,3.13432835820896,3.22388059701493,4.10205114773839,27.815573218943,"Exponencial (activa)",0.234087560153886,TRUE,TRUE
2025-10-13 20:51:47,3.17611940298507,4.22686567164179,3.98999313371337,28.3732371044412,"Exponencial (activa)",0.300004038992132,FALSE,TRUE
2025-10-13 21:51:58,3.21791044776119,5.22985074626865,3.90782232506921,28.3984133435973,"Exponencial (activa)",0.348339808782817,FALSE,TRUE
2025-10-13 22:52:08,3.25970149253731,6.23283582089552,4.01262475957795,28.3674204125995,"Exponencial (activa)",0.286691317895326,FALSE,TRUE
2025-10-13 23:52:19,3.30149253731343,7.23582089552238,3.97958666368479,27.5494228078325,"Exponencial (activa)",0.306125491950121,TRUE,TRUE
2025-10-14 00:52:30,3.34328358208955,8.23880597014924,3.98367417365307,27.9701640450104,"Exponencial (activa)",0.303721074321724,TRUE,TRUE
2025-10-14 01:52:41,3.38507462686567,9.24179104477611,4.00648897524711,27.6113006830579,"Exponencial (activa)",0.29030060279582,TRUE,TRUE
2025-10-14 02:52:51,3.42686567164179,10.244776119403,3.93840658827988,26.9908948871722,"Exponencial (activa)",0.330349065717718,TRUE,TRUE
2025-10-14 03:53:02,3.46865671641791,11.2477611940298,4.0119426519756,25.9203624597112,"Exponencial (activa)",0.287092557661413,TRUE,TRUE
2025-10-14 04:53:13,3.51044776119403,12.2507462686567,3.93502801752231,25.8370511293424,"Exponencial (activa)",0.332336460280993,TRUE,TRUE
2025-10-14 05:53:24,3.55223880597015,13.2537313432836,3.97142621957181,24.6186969189601,"Exponencial (activa)",0.31092575319305,TRUE,TRUE
2025-10-14 06:53:34,3.59402985074627,14.2567164179104,4.02479087842498,23.8663554288706,"Exponencial (activa)",0.27953477739707,TRUE,TRUE
2025-10-14 07:53:45,3.63582089552239,15.2597014925373,3.96396285629838,23.6202153543496,"Exponencial (activa)",0.315315966883304,TRUE,TRUE
2025-10-14 08:53:56,3.67761194029851,16.2626865671642,3.89512402459111,22.5878621282669,"Exponencial (activa)",0.355809397299345,TRUE,TRUE
2025-10-14 09:54:06,3.71940298507463,17.265671641791,4.00510019984078,22.4177440574184,"Exponencial (activa)",0.291117529505425,TRUE,TRUE
2025-10-14 10:54:17,3.76119402985075,18.2686567164179,3.98462099142535,23.2232216160442,"Exponencial (activa)",0.303164122690972,TRUE,TRUE
2025-10-14 11:54:28,3.80298507462687,19.2716417910448,3.94090685389968,22.6634420977398,"Exponencial (activa)",0.32887832123548,TRUE,TRUE
2025-10-14 12:54:39,3.84477611940298,20.2746268656716,3.90797867796644,23.5004854304364,"Exponencial (activa)",0.348247836490328,TRUE,TRUE
2025-10-14 13:54:49,3.8865671641791,21.2776119402985,3.8304446667859,23.0992608535033,"Exponencial (activa)",0.393856078361237,TRUE,TRUE
2025-10-14 14:55:00,3.92835820895522,22.2805970149254,3.98127971498577,24.1283625541653,"Exponencial (activa)",0.305129579420137,TRUE,TRUE
2025-10-14 15:55:11,3.97014925373134,23.2835820895522,3.81611188794588,25.0430577302125,"Exponencial (activa)",0.402287124737715,TRUE,TRUE
2025-10-14 16:55:22,4.01194029850746,0.286567164179104,4.03078065224364,25.8017305528033,"Exponencial (activa)",0.276011381033151,TRUE,TRUE
2025-10-14 17:55:32,4.05373134328358,1.28955223880597,3.97002192992521,26.176630466428,"Exponencial (activa)",0.311751805926349,TRUE,TRUE
2025-10-14 18:55:43,4.0955223880597,2.29253731343283,3.82013534802311,27.1824106648593,"Exponencial (activa)",0.399920383515818,TRUE,TRUE
2025-10-14 19:55:54,4.13731343283582,3.29552238805969,3.74841678500422,27.4353926112472,"Exponencial (activa)",0.442107773526928,TRUE,TRUE
2025-10-14 20:56:05,4.17910447761194,4.29850746268656,3.76519938073109,28.3980182736964,"Exponencial (activa)",0.432235658393476,FALSE,TRUE
2025-10-14 21:56:15,4.22089552238806,5.30149253731342,3.83404803567376,28.749469053472,"Exponencial (activa)",0.391736449603671,FALSE,TRUE
2025-10-14 22:56:26,4.26268656716418,6.30447761194029,3.78519305140144,27.7939714822472,"Exponencial (activa)",0.420474675646212,TRUE,TRUE
2025-10-14 23:56:37,4.3044776119403,7.30746268656715,3.76852335973579,28.6644340520118,"Exponencial (activa)",0.430280376626008,FALSE,TRUE
2025-10-15 00:56:48,4.34626865671642,8.31044776119403,3.71156465236005,27.5597768106258,"Exponencial (activa)",0.463785498611734,TRUE,TRUE
2025-10-15 01:56:58,4.38805970149254,9.31343283582089,3.77543002048531,27.5375508665351,"Exponencial (activa)",0.426217635008644,TRUE,TRUE
2025-10-15 02:57:09,4.42985074626866,10.3164179104478,3.70755046349574,26.9349437459291,"Exponencial (activa)",0.466146786178976,TRUE,TRUE
2025-10-15 03:57:20,4.47164179104478,11.3194029850746,3.62819230493374,25.9249576733887,"Exponencial (activa)",0.512828055921329,TRUE,TRUE
2025-10-15 04:57:31,4.5134328358209,12.3223880597015,3.72247042944491,25.0027317229132,"Exponencial (activa)",0.457370335620642,TRUE,TRUE
2025-10-15 05:57:41,4.55522388059701,13.3253731343283,3.81764703993755,24.4743828428145,"Exponencial (activa)",0.401384094154383,TRUE,TRUE
2025-10-15 06:57:52,4.59701492537313,14.3283582089552,3.68931801872214,23.8547333496451,"Exponencial (activa)",0.476871753692856,TRUE,TRUE
2025-10-15 07:58:03,4.63880597014925,15.3313432835821,3.77518294322913,23.4039672273206,"Exponencial (activa)",0.426362974571098,TRUE,TRUE
2025-10-15 08:58:14,4.68059701492537,16.3343283582089,3.58829862839719,22.0964866319194,"Exponencial (activa)",0.536294924472241,TRUE,TRUE
2025-10-15 09:58:24,4.72238805970149,17.3373134328358,3.70445304429702,21.9807477817847,"Exponencial (activa)",0.467968797472344,FALSE,TRUE
2025-10-15 10:58:35,4.76417910447761,18.3402985074627,3.74160653888699,22.8626790843775,"Exponencial (activa)",0.446113800654714,TRUE,TRUE
2025-10-15 11:58:46,4.80597014925373,19.3432835820895,3.71529130390616,22.9141403034093,"Exponencial (activa)",0.461593350643435,TRUE,TRUE
2025-10-15 12:58:57,4.84776119402985,20.3462686567164,3.69078923038655,23.0902587441245,"Exponencial (activa)",0.476006335066733,TRUE,TRUE
2025-10-15 13:59:07,4.88955223880597,21.3492537313433,3.62220770570994,23.7016680122302,"Exponencial (activa)",0.516348408405918,TRUE,TRUE
2025-10-15 14:59:18,4.93134328358209,22.3522388059701,3.59661177198692,24.4211047901376,"Exponencial (activa)",0.531404840007692,TRUE,TRUE
2025-10-15 15:59:29,4.97313432835821,23.355223880597,3.57377856613287,24.092364720412,"Exponencial (activa)",0.544836137568902,TRUE,TRUE
2025-10-15 16:59:40,5.01492537313433,0.358208955223873,3.65624010069639,26.0028263636616,"Exponencial (activa)",0.496329352531535,TRUE,TRUE
2025-10-15 17:59:50,5.05671641791045,1.36119402985074,3.56215059968313,26.2839535098939,"Exponencial (activa)",0.551676117833452,TRUE,TRUE
2025-10-15 19:00:01,5.09850746268657,2.3641791044776,3.58982679945632,27.1864589960881,"Exponencial (activa)",0.535396000319811,TRUE,TRUE
2025-10-15 20:00:12,5.14029850746269,3.36716417910446,3.5997114115628,27.5970996951735,"Exponencial (activa)",0.52958152261012,TRUE,TRUE
2025-10-15 21:00:23,5.18208955223881,4.37014925373133,3.75884163681969,28.3567696134343,"Exponencial (activa)",0.435975507753126,FALSE,TRUE
2025-10-15 22:00:33,5.22388059701492,5.3731343283582,3.55031899716636,28.212822703333,"Exponencial (activa)",0.55863588401979,FALSE,TRUE
2025-10-15 23:00:44,5.26567164179104,6.37611940298507,3.61245857005518,28.4920769851222,"Exponencial (activa)",0.522083194085187,FALSE,TRUE
2025-10-16 00:00:55,5.30746268656716,7.37910447761193,3.59102941892178,28.0336941152473,"Exponencial (activa)",0.534688577104834,FALSE,TRUE
2025-10-16 01:01:06,5.34925373134328,8.3820895522388,3.49902307764315,27.444915247331,"Exponencial (activa)",0.588809954327558,TRUE,TRUE
2025-10-16 02:01:16,5.3910447761194,9.38507462686567,3.56146205640671,27.5905399103451,"Exponencial (activa)",0.552081143290172,TRUE,TRUE
2025-10-16 03:01:27,5.43283582089552,10.3880597014925,3.6739437773311,26.7744260404004,"Exponencial (activa)",0.485915425099353,TRUE,TRUE
2025-10-16 04:01:38,5.47462686567164,11.3910447761194,3.58573280621941,26.3097037144818,"Exponencial (activa)",0.537804231635643,TRUE,TRUE
2025-10-16 05:01:49,5.51641791044776,12.3940298507463,3.54416549756361,25.0194804926938,"Exponencial (activa)",0.562255589668466,TRUE,TRUE
2025-10-16 06:01:59,5.55820895522388,13.3970149253731,3.49834492965292,24.5660134178606,"Exponencial (activa)",0.589208864910046,TRUE,TRUE
2025-10-16 07:02:10,5.6,14.4,3.35918794369694,24.1231625854746,"Exponencial (activa)",0.671065915472389,TRUE,TRUE
2025-10-16 08:02:21,5.64179104477612,15.4029850746269,3.60528475716279,22.8688972777231,"Exponencial (activa)",0.526303084021891,TRUE,TRUE
2025-10-16 09:02:32,5.68358208955224,16.4059701492537,3.38928540451981,22.1390901718429,"Exponencial (activa)",0.653361526753054,TRUE,TRUE
2025-10-16 10:02:42,5.72537313432836,17.4089552238806,3.55672174638272,22.2347162932866,"Exponencial (activa)",0.554869560951342,TRUE,TRUE
2025-10-16 11:02:53,5.76716417910448,18.4119402985075,3.64167577987492,22.2159636808671,"Exponencial (activa)",0.504896600073577,TRUE,TRUE
2025-10-16 12:03:04,5.8089552238806,19.4149253731343,3.36489148531599,22.50370763908,"Exponencial (activa)",0.667710890990592,TRUE,TRUE
2025-10-16 13:03:15,5.85074626865672,20.4179104477612,3.52803667743744,23.341543883738,"Exponencial (activa)",0.57174313091915,TRUE,TRUE
2025-10-16 14:03:25,5.89253731343284,21.420895522388,3.4424462967702,23.2653854890566,"Exponencial (activa)",0.622090413664586,TRUE,TRUE
2025-10-16 15:03:36,5.93432835820895,22.4238805970149,3.32921749543382,24.1389724770416,"Exponencial (activa)",0.688695590921285,TRUE,TRUE
2025-10-16 16:03:47,5.97611940298507,23.4268656716418,3.32542287766123,24.7050007152045,"Exponencial (activa)",0.690927719022803,TRUE,TRUE
2025-10-16 17:03:58,6.01791044776119,0.429850746268642,3.31012251762826,25.5563408984416,"Exponencial (activa)",0.699927930806907,TRUE,TRUE
2025-10-16 18:04:08,6.05970149253731,1.43283582089552,3.38746536783291,26.3981525937249,"Exponencial (activa)",0.654432136568879,TRUE,TRUE
2025-10-16 19:04:19,6.10149253731343,2.43582089552237,3.30473473990143,27.3807074065149,"Exponencial (activa)",0.70309721182269,TRUE,TRUE
2025-10-16 20:04:30,6.14328358208955,3.43880597014925,3.46849207190047,27.5744380647006,"Exponencial (activa)",0.606769369470314,TRUE,TRUE
2025-10-16 21:04:41,6.18507462686567,4.4417910447761,3.57329862619066,28.1464940595467,"Exponencial (activa)",0.545118455181964,FALSE,TRUE
2025-10-16 22:04:51,6.22686567164179,5.44477611940297,3.29420764577529,28.3720512207444,"Exponencial (activa)",0.70928962013218,FALSE,TRUE
2025-10-16 23:05:02,6.26865671641791,6.44776119402985,3.45211967363131,28.4150256793249,"Exponencial (activa)",0.61640019198158,FALSE,TRUE
2025-10-17 00:05:13,6.31044776119403,7.4507462686567,3.44260601510201,27.7661701307238,"Exponencial (activa)",0.621996461704698,TRUE,TRUE
2025-10-17 01:05:24,6.35223880597015,8.45373134328358,3.39969374041228,28.033389641273,"Exponencial (activa)",0.647238976228073,FALSE,TRUE
2025-10-17 02:05:34,6.39402985074627,9.45671641791043,3.28453633306763,26.8731587245883,"Exponencial (activa)",0.714978627607273,TRUE,TRUE
2025-10-17 03:05:45,6.43582089552239,10.4597014925373,3.34779437160132,26.2707447963385,"Exponencial (activa)",0.677768016705107,TRUE,TRUE
2025-10-17 04:05:56,6.47761194029851,11.4626865671642,3.3271193838253,25.9579823754774,"Exponencial (activa)",0.689929774220409,TRUE,TRUE
2025-10-17 05:06:06,6.51940298507463,12.465671641791,3.38684799682185,25.13040426653,"Exponencial (activa)",0.654795295987146,TRUE,TRUE
2025-10-17 06:06:17,6.56119402985075,13.4686567164179,3.30432999041367,23.6455662116848,"Exponencial (activa)",0.703335299756663,TRUE,TRUE
2025-10-17 07:06:28,6.60298507462687,14.4716417910448,3.40465865102378,23.0181338146309,"Exponencial (activa)",0.644318440574246,TRUE,TRUE
2025-10-17 08:06:39,6.64477611940298,15.4746268656716,3.28897039119883,22.3040749081967,"Exponencial (activa)",0.712370358118336,TRUE,TRUE
2025-10-17 09:06:49,6.6865671641791,16.4776119402985,3.39565116416586,22.3597944951949,"Exponencial (activa)",0.649616962255377,TRUE,TRUE
2025-10-17 10:07:00,6.72835820895522,17.4805970149254,3.22005965632952,22.1379505310278,"Exponencial (activa)",0.752906084512048,TRUE,TRUE
2025-10-17 11:07:11,6.77014925373134,18.4835820895522,3.19580398417312,22.1847311777986,"Exponencial (activa)",0.767174126956986,TRUE,TRUE
2025-10-17 12:07:22,6.81194029850746,19.4865671641791,3.54858599514605,22.4321389193376,"Exponencial (activa)",0.559655296972914,TRUE,TRUE
2025-10-17 13:07:32,6.85373134328358,20.489552238806,3.24870515108988,22.4671847911235,"Exponencial (activa)",0.736055793476543,TRUE,TRUE
2025-10-17 14:07:43,6.8955223880597,21.4925373134328,3.29872819479848,22.894395768356,"Exponencial (activa)",0.706630473647952,TRUE,TRUE
2025-10-17 15:07:54,6.93731343283582,22.4955223880597,3.3186777316443,24.1708019717317,"Exponencial (activa)",0.694895451973943,TRUE,TRUE
2025-10-17 16:08:05,6.97910447761194,23.4985074626865,3.22199844744433,24.8372665121534,"Exponencial (activa)",0.751765619150396,TRUE,TRUE
2025-10-17 17:08:15,7.02089552238806,0.501492537313425,3.29506575848551,24.9353019174299,"Estacionaria (maduración)",0.708784847949699,TRUE,TRUE
2025-10-17 18:08:26,7.06268656716418,1.50447761194027,3.27631756016953,26.1086893098359,"Estacionaria (maduración)",0.719813199900277,TRUE,TRUE
2025-10-17 19:08:37,7.1044776119403,2.50746268656715,3.22272177410089,26.5387103074875,"Estacionaria (maduración)",0.751340132881831,TRUE,TRUE
2025-10-17 20:08:48,7.14626865671642,3.51044776119403,3.23839615646118,26.7310220339184,"Estacionaria (maduración)",0.742119907964012,TRUE,TRUE
2025-10-17 21:08:58,7.18805970149254,4.51343283582088,3.22373694448273,27.7785444342844,"Estacionaria (maduración)",0.750742973833688,TRUE,TRUE
2025-10-17 22:09:09,7.22985074626866,5.51641791044776,3.39009759066579,27.9007397156303,"Estacionaria (maduración)",0.652883770196597,TRUE,TRUE
2025-10-17 23:09:20,7.27164179104478,6.51940298507461,3.15394352090376,27.8822909490938,"Estacionaria (maduración)",0.791797928880143,TRUE,TRUE
2025-10-18 00:09:31,7.31343283582089,7.52238805970148,3.11906984837591,27.7596054251314,"Estacionaria (maduración)",0.812311853896526,TRUE,TRUE
2025-10-18 01:09:41,7.35522388059701,8.52537313432833,3.20334221245716,27.5532409233111,"Estacionaria (maduración)",0.762739875025203,TRUE,TRUE
2025-10-18 02:09:52,7.39701492537313,9.52835820895521,3.2187978828528,26.7816241365889,"Estacionaria (maduración)",0.753648304204237,TRUE,TRUE
2025-10-18 03:10:03,7.43880597014925,10.5313432835821,3.22259248131078,25.8425054737298,"Estacionaria (maduración)",0.751416187464247,TRUE,TRUE
2025-10-18 04:10:14,7.48059701492537,11.5343283582089,3.14478362516605,25.0373811297374,"Estacionaria (maduración)",0.797186102843497,TRUE,TRUE
2025-10-18 05:10:24,7.52238805970149,12.5373134328358,3.09024021497444,24.4236918669245,"Estacionaria (maduración)",0.829270461779744,TRUE,TRUE
2025-10-18 06:10:35,7.56417910447761,13.5402985074627,3.27028588141545,23.7905250493402,"Estacionaria (maduración)",0.723361246226204,TRUE,TRUE
2025-10-18 07:10:46,7.60597014925373,14.5432835820895,3.13525517512134,22.7006501478129,"Estacionaria (maduración)",0.802791073458033,TRUE,TRUE
2025-10-18 08:10:57,7.64776119402985,15.5462686567164,3.08805373021614,22.3993820623327,"Estacionaria (maduración)",0.830556629284625,TRUE,TRUE
2025-10-18 09:11:07,7.68955223880597,16.5492537313433,3.13253136639073,22.3516916816712,"Estacionaria (maduración)",0.804393313887805,TRUE,TRUE
2025-10-18 10:11:18,7.73134328358209,17.5522388059701,3.12987002707487,21.8269222745614,"Estacionaria (maduración)",0.805958807603019,FALSE,TRUE
2025-10-18 11:11:29,7.77313432835821,18.555223880597,3.22871942681774,21.6520805879124,"Estacionaria (maduración)",0.747812101871916,FALSE,TRUE
2025-10-18 12:11:40,7.81492537313433,19.5582089552239,3.14105774520163,21.984575085935,"Estacionaria (maduración)",0.799377796940219,FALSE,TRUE
2025-10-18 13:11:50,7.85671641791045,20.5611940298507,3.18902716224756,22.7963520121552,"Estacionaria (maduración)",0.771160492795555,TRUE,TRUE
2025-10-18 14:12:01,7.89850746268657,21.5641791044776,3.08325459352304,23.1827701906604,"Estacionaria (maduración)",0.833379650868802,TRUE,TRUE
2025-10-18 15:12:12,7.94029850746269,22.5671641791045,3.13491950440013,24.0670674453515,"Estacionaria (maduración)",0.802988526823454,TRUE,TRUE
2025-10-18 16:12:23,7.98208955223881,23.5701492537313,3.08642556592476,24.4915236712644,"Estacionaria (maduración)",0.831514372985435,TRUE,TRUE
2025-10-18 17:12:33,8.02388059701492,0.573134328358208,3.11467409457695,25.349776594274,"Estacionaria (maduración)",0.814897591425321,TRUE,TRUE
2025-10-18 18:12:44,8.06567164179104,1.57611940298506,3.03025548663311,25.8053918459954,"Estacionaria (maduración)",0.864555596098168,TRUE,TRUE
2025-10-18 19:12:55,8.10746268656716,2.57910447761193,2.99186747644163,26.8183825438709,"Estacionaria (maduración)",0.887136778563744,TRUE,TRUE
2025-10-18 20:13:06,8.14925373134328,3.58208955223878,3.25142532306317,27.020247546801,"Estacionaria (maduración)",0.734455692315784,TRUE,TRUE
2025-10-18 21:13:16,8.1910447761194,4.58507462686566,3.13469090698544,27.1156268608641,"Estacionaria (maduración)",0.803122995890915,TRUE,TRUE
2025-10-18 22:13:27,8.23283582089552,5.58805970149251,2.98158740154979,27.7582218368425,"Estacionaria (maduración)",0.893183881441302,TRUE,TRUE
2025-10-18 23:13:38,8.27462686567164,6.59104477611939,3.02791935151946,28.2772336018914,"Estacionaria (maduración)",0.865929793223846,FALSE,TRUE
2025-10-19 00:13:49,8.31641791044776,7.59402985074624,2.97716596211344,27.7042987962025,"Estacionaria (maduración)",0.895784728168564,TRUE,TRUE
2025-10-19 01:13:59,8.35820895522388,8.59701492537312,3.2431687761972,27.3962341047491,"Estacionaria (maduración)",0.739312484589883,TRUE,TRUE
2025-10-19 02:14:10,8.4,9.59999999999999,3.16758398875669,26.5771198476592,"Estacionaria (maduración)",0.783774124260771,TRUE,TRUE
2025-10-19 03:14:21,8.44179104477612,10.6029850746268,3.03677334161472,25.588920252393,"Estacionaria (maduración)",0.860721563756045,TRUE,TRUE
2025-10-19 04:14:32,8.48358208955224,11.6059701492537,3.09690101315816,24.939393430547,"Estacionaria (maduración)",0.825352345201084,TRUE,TRUE
2025-10-19 05:14:42,8.52537313432836,12.6089552238806,3.01582491939481,24.1256005252216,"Estacionaria (maduración)",0.873044165061875,TRUE,TRUE
2025-10-19 06:14:53,8.56716417910448,13.6119402985074,3.0064645977135,23.3072340290473,"Estacionaria (maduración)",0.878550236639115,TRUE,TRUE
2025-10-19 07:15:04,8.6089552238806,14.6149253731343,2.97713347193425,22.9837134279659,"Estacionaria (maduración)",0.895803840038679,TRUE,TRUE
2025-10-19 08:15:15,8.65074626865672,15.6179104477612,2.9883742776578,21.8680395392289,"Estacionaria (maduración)",0.889191601377763,FALSE,TRUE
2025-10-19 09:15:25,8.69253731343283,16.6208955223881,3.16380230886611,22.1090102307948,"Estacionaria (maduración)",0.785998641843462,TRUE,TRUE
2025-10-19 10:15:36,8.73432835820895,17.6238805970149,3.02325707599212,21.922719890512,"Estacionaria (maduración)",0.868672308239927,FALSE,TRUE
2025-10-19 11:15:47,8.77611940298507,18.6268656716418,3.03303157983318,21.3230488542597,"Estacionaria (maduración)",0.862922600098132,FALSE,TRUE
2025-10-19 12:15:58,8.81791044776119,19.6298507462686,3.03896205814033,22.0966674721595,"Estacionaria (maduración)",0.859434083446863,TRUE,TRUE
2025-10-19 13:16:08,8.85970149253731,20.6328358208955,3.11410214227193,23.0434209602647,"Estacionaria (maduración)",0.815234033957688,TRUE,TRUE
2025-10-19 14:16:19,8.90149253731343,21.6358208955224,2.97031730709867,22.7155614085187,"Estacionaria (maduración)",0.899813348765488,TRUE,TRUE
2025-10-19 15:16:30,8.94328358208955,22.6388059701492,2.92836093568168,23.8240214835598,"Estacionaria (maduración)",0.92449356724607,TRUE,TRUE
2025-10-19 16:16:41,8.98507462686567,23.6417910447761,3.13803652003316,24.0955962116442,"Estacionaria (maduración)",0.801154988215788,TRUE,TRUE
2025-10-19 17:16:51,9.02686567164179,0.644776119402962,2.96496653288673,25.4425718655091,"Estacionaria (maduración)",0.902960863007804,TRUE,TRUE
2025-10-19 18:17:02,9.06865671641791,1.64776119402984,2.9387521010446,25.9289951011327,"Estacionaria (maduración)",0.918381117032586,TRUE,TRUE
2025-10-19 19:17:13,9.11044776119403,2.65074626865669,2.89409167130065,27.00846012739,"Estacionaria (maduración)",0.944651958058443,TRUE,TRUE
2025-10-19 20:17:24,9.15223880597015,3.65373134328357,2.88667014334393,26.6026367219867,"Estacionaria (maduración)",0.949017562738865,TRUE,TRUE
2025-10-19 21:17:34,9.19402985074627,4.65671641791042,2.94004052038831,27.3844589848865,"Estacionaria (maduración)",0.917623223300992,TRUE,TRUE
2025-10-19 22:17:45,9.23582089552239,5.65970149253729,3.03196475343395,27.4083640651413,"Estacionaria (maduración)",0.863550145038855,TRUE,TRUE
2025-10-19 23:17:56,9.27761194029851,6.66268656716417,3.0679370904975,27.4691589770747,"Estacionaria (maduración)",0.842389946766178,TRUE,TRUE
2025-10-20 00:18:06,9.31940298507463,7.66567164179102,3.03243488761164,27.0989386501042,"Estacionaria (maduración)",0.863273595522565,TRUE,TRUE
2025-10-20 01:18:17,9.36119402985075,8.6686567164179,2.94346840749398,26.6108705445036,"Estacionaria (maduración)",0.91560681912119,TRUE,TRUE
2025-10-20 02:18:28,9.40298507462686,9.67164179104475,2.97412811098972,26.4505289729542,"Estacionaria (maduración)",0.897571699417814,TRUE,TRUE
2025-10-20 03:18:39,9.44477611940298,10.6746268656716,2.90982083494072,25.2489392493351,"Estacionaria (maduración)",0.935399508858401,TRUE,TRUE
2025-10-20 04:18:49,9.4865671641791,11.6776119402985,2.90570420318353,25.2489433694958,"Estacionaria (maduración)",0.937821056950865,TRUE,TRUE
2025-10-20 05:19:00,9.52835820895522,12.6805970149254,3.03079882353357,23.6592134025868,"Estacionaria (maduración)",0.864235986156724,TRUE,TRUE
2025-10-20 06:19:11,9.57014925373134,13.6835820895522,2.87577588273051,23.2933507909323,"Estacionaria (maduración)",0.955425951334992,TRUE,TRUE
2025-10-20 07:19:22,9.61194029850746,14.6865671641791,3.11049404350037,22.7587767002077,"Estacionaria (maduración)",0.817356444999783,TRUE,TRUE
2025-10-20 08:19:32,9.65373134328358,15.689552238806,2.94394228163027,22.2439304420595,"Estacionaria (maduración)",0.915328069629254,TRUE,TRUE
2025-10-20 09:19:43,9.6955223880597,16.6925373134328,2.96547771785277,21.6157499875184,"Estacionaria (maduración)",0.902660165968956,FALSE,TRUE
2025-10-20 10:19:54,9.73731343283582,17.6955223880597,2.88642795224861,21.5623828074051,"Estacionaria (maduración)",0.94916002808905,FALSE,TRUE
2025-10-20 11:20:05,9.77910447761194,18.6985074626865,2.89680278026846,21.8643427190291,"Estacionaria (maduración)",0.943057188077377,FALSE,TRUE
2025-10-20 12:20:15,9.82089552238806,19.7014925373134,2.83468379846483,21.3788529487539,"Estacionaria (maduración)",0.979597765608921,FALSE,TRUE
2025-10-20 13:20:26,9.86268656716418,20.7044776119403,2.9227491368125,22.0068592793595,"Estacionaria (maduración)",0.927794625404412,TRUE,TRUE
2025-10-20 14:20:37,9.9044776119403,21.7074626865671,2.96828606469641,22.9194878118233,"Estacionaria (maduración)",0.901008197237404,TRUE,TRUE
2025-10-20 15:20:48,9.94626865671642,22.710447761194,2.95814171238618,23.3882440622177,"Estacionaria (maduración)",0.906975463302248,TRUE,TRUE
2025-10-20 16:20:58,9.98805970149254,23.7134328358209,2.86714929158232,24.6992822089497,"Estacionaria (maduración)",0.960500416716285,TRUE,TRUE
2025-10-20 17:21:09,10.0298507462687,0.716417910447745,2.86410161946051,25.272445599885,"Estacionaria (maduración)",0.962293165023231,TRUE,TRUE
2025-10-20 18:21:20,10.0716417910448,1.71940298507459,2.88457833786582,25.8361324309463,"Estacionaria (maduración)",0.950248036549517,TRUE,TRUE
2025-10-20 19:21:31,10.1134328358209,2.72238805970147,3.04204501270995,26.0168599577614,"Estacionaria (maduración)",0.857620580758855,TRUE,TRUE
2025-10-20 20:21:41,10.155223880597,3.72537313432835,2.82902423626279,26.9974151635839,"Estacionaria (maduración)",0.98292691984542,TRUE,TRUE
2025-10-20 21:21:52,10.1970149253731,4.7283582089552,2.90337458926016,27.2449718979674,"Estacionaria (maduración)",0.939191418082256,TRUE,TRUE
2025-10-20 22:22:03,10.2388059701493,5.73134328358208,3.06761906251805,27.4653101739146,"Estacionaria (maduración)",0.842577022048206,TRUE,TRUE
2025-10-20 23:22:14,10.2805970149254,6.73432835820893,2.90512412406436,27.0926865872875,"Estacionaria (maduración)",0.938162279962139,TRUE,TRUE
2025-10-21 00:22:24,10.3223880597015,7.7373134328358,2.80222684814259,27.3461954184864,"Estacionaria (maduración)",0.998690089327889,TRUE,TRUE
2025-10-21 01:22:35,10.3641791044776,8.74029850746265,2.8556839283874,26.4497777473989,"Estacionaria (maduración)",0.96724474800741,TRUE,TRUE
2025-10-21 02:22:46,10.4059701492537,9.74328358208953,2.94559245183842,26.1036727342343,"Estacionaria (maduración)",0.914357381271518,TRUE,TRUE
2025-10-21 03:22:57,10.4477611940298,10.7462686567164,2.87463579277057,25.581658155764,"Estacionaria (maduración)",0.956096592487899,TRUE,TRUE
2025-10-21 04:23:07,10.489552238806,11.7492537313433,2.85769989306318,24.4617450068863,"Estacionaria (maduración)",0.966058886433421,TRUE,TRUE
2025-10-21 05:23:18,10.5313432835821,12.7522388059701,2.87313963076088,24.0879514565989,"Estacionaria (maduración)",0.956976687787716,TRUE,TRUE
2025-10-21 06:23:29,10.5731343283582,13.755223880597,2.9059321985018,22.7747716445927,"Estacionaria (maduración)",0.937686942057766,TRUE,TRUE
2025-10-21 07:23:40,10.6149253731343,14.7582089552239,3.02464850302735,21.674852322162,"Estacionaria (maduración)",0.867853821748618,FALSE,TRUE
2025-10-21 08:23:50,10.6567164179104,15.7611940298507,2.88779323718914,22.1414440466815,"Estacionaria (maduración)",0.948356919300508,TRUE,TRUE
2025-10-21 09:24:01,10.6985074626866,16.7641791044776,2.97948779923478,21.9097944546471,"Estacionaria (maduración)",0.894418941626601,FALSE,TRUE
2025-10-21 10:24:12,10.7402985074627,17.7671641791044,2.94166375464987,21.4227230062455,"Estacionaria (maduración)",0.916668379617726,FALSE,TRUE
2025-10-21 11:24:23,10.7820895522388,18.7701492537313,2.88032546166138,21.716011934487,"Estacionaria (maduración)",0.952749728434483,FALSE,TRUE
2025-10-21 12:24:33,10.8238805970149,19.7731343283582,2.76503081833808,21.4759652418751,"Estacionaria (maduración)",1.02057010685995,FALSE,TRUE
2025-10-21 13:24:44,10.865671641791,20.776119402985,2.84425247691895,22.2266327036088,"Estacionaria (maduración)",0.973969131224145,TRUE,TRUE
2025-10-21 14:24:55,10.9074626865672,21.7791044776119,2.84506313530671,22.2782252002531,"Estacionaria (maduración)",0.973492273348996,TRUE,TRUE
2025-10-21 15:25:06,10.9492537313433,22.7820895522388,2.88636753381653,23.9240639085968,"Estacionaria (maduración)",0.949195568343216,TRUE,TRUE
2025-10-21 16:25:16,10.9910447761194,23.7850746268657,2.98498445835032,24.9013531383204,"Estacionaria (maduración)",0.891185612735107,TRUE,TRUE
2025-10-21 17:25:27,11.0328358208955,0.7880597014925,3.06281872921049,25.4509912838132,"Estacionaria (maduración)",0.845400747523242,TRUE,TRUE
2025-10-21 18:25:38,11.0746268656716,1.79104477611941,3.00161269639725,25.8640319655005,"Estacionaria (maduración)",0.881404296236913,TRUE,TRUE
2025-10-21 19:25:49,11.1164179104478,2.79402985074626,2.86561738518806,26.5129174710058,"Estacionaria (maduración)",0.96140153812467,TRUE,TRUE
2025-10-21 20:25:59,11.1582089552239,3.79701492537311,2.73423947481933,26.5815713805313,"Estacionaria (maduración)",1.03868266187099,TRUE,TRUE
2025-10-21 21:26:10,11.2,4.79999999999995,2.84217994427411,27.6147568939043,"Estacionaria (maduración)",0.975188268074055,TRUE,TRUE
2025-10-21 22:26:21,11.2417910447761,5.80298507462686,2.87896755647725,27.4602432722889,"Estacionaria (maduración)",0.953548496189855,TRUE,TRUE
2025-10-21 23:26:32,11.2835820895522,6.80597014925371,2.93800816414154,27.2670422135703,"Estacionaria (maduración)",0.918818726975565,TRUE,TRUE
2025-10-22 00:26:42,11.3253731343284,7.80895522388056,2.94601253426587,26.7801248888277,"Estacionaria (maduración)",0.914110273961253,TRUE,TRUE
2025-10-22 01:26:53,11.3671641791045,8.81194029850747,2.92238478590871,26.6706100114229,"Estacionaria (maduración)",0.928008949465466,TRUE,TRUE
2025-10-22 02:27:04,11.4089552238806,9.81492537313432,2.75467392032457,25.9103847446204,"Estacionaria (maduración)",1.02666239980907,TRUE,TRUE
2025-10-22 03:27:15,11.4507462686567,10.8179104477612,2.93294879705581,25.3393838395872,"Estacionaria (maduración)",0.921794825261287,TRUE,TRUE
2025-10-22 04:27:25,11.4925373134328,11.820895522388,2.8279594620513,24.3241282934615,"Estacionaria (maduración)",0.98355325761688,TRUE,TRUE
2025-10-22 05:27:36,11.534328358209,12.8238805970149,2.87639970087137,24.4171193816309,"Estacionaria (maduración)",0.95505899948743,TRUE,TRUE
2025-10-22 06:27:47,11.5761194029851,13.8268656716418,2.86713534885915,23.1716493313981,"Estacionaria (maduración)",0.960508618318146,TRUE,TRUE
2025-10-22 07:27:58,11.6179104477612,14.8298507462686,2.89420426095713,22.8593513173782,"Estacionaria (maduración)",0.944585728848746,TRUE,TRUE
2025-10-22 08:28:08,11.6597014925373,15.8328358208955,2.86072805571059,21.2557336545633,"Estacionaria (maduración)",0.964277614287888,FALSE,TRUE
2025-10-22 09:28:19,11.7014925373134,16.8358208955224,2.72418224192062,21.5732503906196,"Estacionaria (maduración)",1.04459868122317,FALSE,TRUE
2025-10-22 10:28:30,11.7432835820896,17.8388059701492,2.91534876397275,21.3758642063406,"Estacionaria (maduración)",0.932147785898385,FALSE,TRUE
2025-10-22 11:28:41,11.7850746268657,18.8417910447761,2.88618228884919,21.2865566998915,"Estacionaria (maduración)",0.949304535971062,FALSE,TRUE
2025-10-22 12:28:51,11.8268656716418,19.844776119403,2.8329409505531,22.3931767673644,"Estacionaria (maduración)",0.980622970262885,TRUE,TRUE
2025-10-22 13:29:02,11.8686567164179,20.8477611940298,2.86255900626807,21.9626522234397,"Estacionaria (maduración)",0.963200584548191,FALSE,TRUE
2025-10-22 14:29:13,11.910447761194,21.8507462686567,2.86276596234466,23.0920432479505,"Estacionaria (maduración)",0.96307884567961,TRUE,TRUE
2025-10-22 15:29:24,11.9522388059701,22.8537313432836,2.86868053281533,23.9695976241139,"Estacionaria (maduración)",0.959599686579215,TRUE,TRUE
2025-10-22 16:29:34,11.9940298507463,23.8567164179104,2.98124307708414,24.5491991587418,"Estacionaria (maduración)",0.893386425244626,TRUE,TRUE
2025-10-22 17:29:45,12.0358208955224,0.859701492537283,2.83144769617181,25.0210914601711,"Declive (final)",0.981501355193052,TRUE,TRUE
2025-10-22 18:29:56,12.0776119402985,1.86268656716413,2.86143287015093,26.3081815364757,"Declive (final)",0.963863017558274,TRUE,TRUE
2025-10-22 19:30:06,12.1194029850746,2.86567164179104,2.94049347425627,26.7229430744035,"Declive (final)",0.917356779849254,TRUE,TRUE
2025-10-22 20:30:17,12.1611940298507,3.86865671641789,2.93041123063895,26.8585627048779,"Declive (final)",0.92328751138885,TRUE,TRUE
2025-10-22 21:30:28,12.2029850746269,4.87164179104474,2.93677029429182,27.0927053486465,"Declive (final)",0.919546885710691,TRUE,TRUE
2025-10-22 22:30:39,12.244776119403,5.87462686567164,2.79804247287569,28.2700180756055,"Declive (final)",1.00115148654371,FALSE,TRUE
2025-10-22 23:30:49,12.2865671641791,6.87761194029849,3.00354703363347,27.3699097157705,"Declive (final)",0.880266450803843,TRUE,TRUE
2025-10-23 00:31:00,12.3283582089552,7.88059701492534,2.8478104912469,26.7461133405315,"Declive (final)",0.971876181619471,TRUE,TRUE
2025-10-23 01:31:11,12.3701492537313,8.88358208955219,2.99096575435014,27.0109727138222,"Declive (final)",0.887667203323444,TRUE,TRUE
2025-10-23 02:31:22,12.4119402985075,9.8865671641791,2.73270543596446,26.3426036476269,"Declive (final)",1.03958503766797,TRUE,TRUE
2025-10-23 03:31:32,12.4537313432836,10.8895522388059,2.84163292598553,25.1339656776101,"Declive (final)",0.975510043537923,TRUE,TRUE
2025-10-23 04:31:43,12.4955223880597,11.8925373134328,2.93914022762066,24.1889731043774,"Declive (final)",0.918152807281966,TRUE,TRUE
2025-10-23 05:31:54,12.5373134328358,12.8955223880597,2.78113644008159,23.9630380440226,"Declive (final)",1.01109621171671,TRUE,TRUE
2025-10-23 06:32:05,12.5791044776119,13.8985074626866,2.77736508166089,23.6136998140347,"Declive (final)",1.01331465784654,TRUE,TRUE
2025-10-23 07:32:15,12.6208955223881,14.9014925373134,2.76173682354199,22.8348370080574,"Declive (final)",1.02250775085765,TRUE,TRUE
2025-10-23 08:32:26,12.6626865671642,15.9044776119403,2.75187362551881,22.0099650428182,"Declive (final)",1.02830963204776,TRUE,TRUE
2025-10-23 09:32:37,12.7044776119403,16.9074626865672,2.80037145613901,21.5970157738121,"Declive (final)",0.999781496388817,FALSE,TRUE
2025-10-23 10:32:48,12.7462686567164,17.910447761194,2.86112256685795,21.8154198348839,"Declive (final)",0.964045548907086,FALSE,TRUE
2025-10-23 11:32:58,12.7880597014925,18.9134328358209,2.67278961590241,21.8738310834468,"Declive (final)",1.07482963770447,FALSE,TRUE
2025-10-23 12:33:09,12.8298507462687,19.9164179104478,2.85019705151256,22.3079628052311,"Declive (final)",0.97047232263967,TRUE,TRUE
2025-10-23 13:33:20,12.8716417910448,20.9194029850746,2.93149845461687,22.4731366952315,"Declive (final)",0.922647967872427,TRUE,TRUE
2025-10-23 14:33:31,12.9134328358209,21.9223880597015,2.99490961853626,23.4830541497724,"Declive (final)",0.885347283213964,TRUE,TRUE
2025-10-23 15:33:41,12.955223880597,22.9253731343283,2.93535017843349,23.6918863806366,"Declive (final)",0.920382247980299,TRUE,TRUE
2025-10-23 16:33:52,12.9970149253731,23.9283582089552,2.89116338611741,24.62702736979,"Declive (final)",0.946374478754467,TRUE,TRUE
2025-10-23 17:34:03,13.0388059701493,0.931343283582066,2.6918609355995,25.7374296980118,"Declive (final)",1.06361121435324,TRUE,TRUE
2025-10-23 18:34:14,13.0805970149254,1.93432835820892,2.78126920689749,26.5515951446315,"Declive (final)",1.01101811358971,TRUE,TRUE
2025-10-23 19:34:24,13.1223880597015,2.93731343283582,2.80062857774355,26.3127881116459,"Declive (final)",0.99963024838615,TRUE,TRUE
2025-10-23 20:34:35,13.1641791044776,3.94029850746267,2.88448869740578,27.4232822106461,"Declive (final)",0.950300766231896,TRUE,TRUE
2025-10-23 21:34:46,13.2059701492537,4.94328358208952,2.81917927919481,27.8941305741703,"Declive (final)",0.988718071061877,TRUE,TRUE
2025-10-23 22:34:57,13.2477611940298,5.94626865671637,2.72637877995847,27.3988422550267,"Declive (final)",1.04330660002443,TRUE,TRUE
2025-10-23 23:35:07,13.289552238806,6.94925373134328,2.96127447249254,27.8952881124828,"Declive (final)",0.90513266323968,TRUE,TRUE
2025-10-24 00:35:18,13.3313432835821,7.95223880597013,2.89889090797154,27.2203718665797,"Declive (final)",0.941828877663801,TRUE,TRUE
2025-10-24 01:35:29,13.3731343283582,8.95522388059698,2.84444484407177,27.313296811516,"Declive (final)",0.973855974075428,TRUE,TRUE
2025-10-24 02:35:40,13.4149253731343,9.95820895522388,2.92238054719989,26.5600925663494,"Declive (final)",0.928011442823596,TRUE,TRUE
2025-10-24 03:35:50,13.4567164179104,10.9611940298507,2.71732176336375,25.9158636954619,"Declive (final)",1.04863425684485,TRUE,TRUE
2025-10-24 04:36:01,13.4985074626866,11.9641791044776,2.87679138717025,24.9527620826505,"Declive (final)",0.954828595782207,TRUE,TRUE
2025-10-24 05:36:12,13.5402985074627,12.9671641791044,2.78160484015069,24.4051497117994,"Declive (final)",1.0108206822643,TRUE,TRUE
2025-10-24 06:36:23,13.5820895522388,13.9701492537313,2.87765935332788,23.8412736532548,"Declive (final)",0.95431802745419,TRUE,TRUE
2025-10-24 07:36:33,13.6238805970149,14.9731343283582,2.81762545904359,23.3995257914505,"Declive (final)",0.989632082915537,TRUE,TRUE
2025-10-24 08:36:44,13.665671641791,15.976119402985,2.87266901043482,22.3280919596104,"Declive (final)",0.957253523273637,TRUE,TRUE
2025-10-24 09:36:55,13.7074626865672,16.9791044776119,2.92842374981294,21.3663412975947,"Declive (final)",0.924456617757094,FALSE,TRUE
2025-10-24 10:37:06,13.7492537313433,17.9820895522388,2.82172480280854,21.9533421363793,"Declive (final)",0.987220704230268,FALSE,TRUE
2025-10-24 11:37:16,13.7910447761194,18.9850746268656,2.90211443115627,22.1140582983171,"Declive (final)",0.939932687555133,TRUE,TRUE
2025-10-24 12:37:27,13.8328358208955,19.9880597014925,2.72521187683926,22.3131675663894,"Declive (final)",1.04399301362396,TRUE,TRUE
2025-10-24 13:37:38,13.8746268656716,20.9910447761194,2.76214364714907,23.0160798781268,"Declive (final)",1.02226844285349,TRUE,TRUE
2025-10-24 14:37:49,13.9164179104478,21.9940298507462,2.94100319695989,23.7803930995938,"Declive (final)",0.917056942964773,TRUE,TRUE
2025-10-24 15:37:59,13.9582089552239,22.9970149253731,2.84925880528757,24.056506448092,"Declive (final)",0.971024232183781,TRUE,TRUE
2025-10-24 16:38:10,14,0,2.65449997683731,24.9117714018532,"Declive (final)",1.08558824891923,TRUE,TRUE
